instance_id,music_genre
48564,Alternative
72394,Rock
88081,Rap
78331,Country
72636,Jazz
74228,Blues
39106,Alternative
78829,Blues
91469,Country
54558,Hip-Hop
44055,Anime
29671,Classical
56323,Anime
54809,Country
55369,Rap
68566,Hip-Hop
53565,Anime
69565,Rock
39014,Rap
28452,Electronic
40219,Alternative
41832,Rap
50963,Electronic
58058,Country
41339,Country
25263,Anime
30932,Rap
65113,Classical
43628,Blues
82352,Hip-Hop
25868,Blues
57582,Rock
64912,Anime
30690,Blues
58160,Rap
48352,Jazz
32598,Rap
81733,Electronic
68478,Rock
61070,Classical
87062,Electronic
50604,Alternative
51443,Alternative
79739,Rap
52375,Hip-Hop
43645,Blues
51950,Electronic
62180,Electronic
91491,Rap
57217,Anime
30912,Electronic
37289,Rap
58378,Hip-Hop
83848,Country
88071,Electronic
78696,Rock
73721,Anime
21431,Electronic
33066,Blues
71571,Electronic
54360,Country
61237,Jazz
43763,Anime
53222,Rap
24144,Hip-Hop
35526,Alternative
79272,Country
28682,Country
78220,Classical
42113,Country
29197,Electronic
73749,Hip-Hop
76959,Classical
32662,Country
28240,Blues
78684,Hip-Hop
23339,Country
66580,Electronic
62293,Anime
73224,Jazz
63436,Anime
85265,Electronic
49131,Rock
42894,Country
32778,Blues
88626,Country
20474,Hip-Hop
57621,Blues
68702,Blues
68429,Rap
48412,Country
31462,Rap
20258,Alternative
80048,Alternative
36643,Country
51269,Anime
36620,Alternative
47393,Anime
34229,Blues
27054,Blues
74946,Classical
79753,Classical
78997,Alternative
90739,Rap
34604,Classical
48875,Rock
72374,Blues
84383,Alternative
82285,Country
49168,Country
35219,Hip-Hop
72531,Blues
37626,Alternative
74540,Alternative
22782,Blues
59663,Rap
65605,Rock
63227,Anime
27942,Country
61120,Rap
59041,Hip-Hop
67531,Rock
89417,Blues
51652,Country
23769,Hip-Hop
88512,Alternative
69103,Country
25734,Blues
35192,Blues
77761,Country
58002,Hip-Hop
27331,Hip-Hop
90879,Hip-Hop
66951,Electronic
21111,Alternative
36583,Blues
69430,Anime
26846,Hip-Hop
54227,Classical
79612,Rock
36250,Rock
71243,Blues
41033,Classical
58600,Hip-Hop
64358,Electronic
55882,Rock
67981,Rock
78157,Country
39280,Blues
65167,Anime
50033,Hip-Hop
34067,Country
71541,Country
58044,Alternative
67611,Anime
88524,Rock
50007,Blues
36733,Electronic
55966,Rock
29854,Country
47533,Anime
84957,Rock
27733,Rock
88890,Blues
71105,Rap
87402,Hip-Hop
81300,Classical
25948,Electronic
30686,Blues
27597,Classical
46658,Electronic
33241,Blues
34855,Hip-Hop
39290,Blues
61297,Country
79393,Hip-Hop
85447,Rock
24779,Classical
21888,Blues
22450,Hip-Hop
21637,Electronic
76444,Blues
34627,Anime
30361,Electronic
22862,Hip-Hop
55635,Rap
39392,Hip-Hop
21530,Jazz
53803,Electronic
79904,Electronic
79589,Electronic
38281,Electronic
26187,Blues
65289,Country
38631,Blues
34026,Alternative
81881,Rock
25877,Classical
79755,Country
67894,Country
50248,Classical
32074,Blues
41890,Rock
36233,Country
63019,Electronic
31135,Blues
91653,Classical
67493,Hip-Hop
45720,Country
78113,Electronic
66990,Rap
33226,Jazz
43840,Blues
66599,Electronic
37709,Classical
89646,Alternative
41952,Country
90953,Classical
26762,Blues
62414,Anime
54492,Alternative
22070,Alternative
34735,Classical
37276,Blues
91709,Blues
79337,Country
32555,Blues
28310,Rap
60154,Rap
89947,Alternative
67061,Electronic
82280,Rock
67551,Rap
49912,Blues
44285,Country
62759,Alternative
26763,Jazz
88251,Electronic
21144,Country
39166,Hip-Hop
58756,Electronic
74087,Rap
58075,Jazz
49533,Rock
79989,Electronic
58425,Alternative
62607,Classical
85075,Blues
56756,Blues
28898,Alternative
42118,Jazz
55409,Hip-Hop
31714,Rock
41361,Hip-Hop
30503,Alternative
45222,Blues
68913,Rock
74995,Hip-Hop
47775,Alternative
37384,Classical
49180,Classical
28678,Classical
42464,Alternative
79508,Alternative
62403,Jazz
40756,Hip-Hop
85665,Country
79277,Alternative
23449,Rap
82350,Country
61130,Country
55562,Hip-Hop
78807,Rock
67592,Electronic
58204,Country
42874,Hip-Hop
76341,Rock
47432,Classical
22904,Jazz
42683,Anime
72925,Rock
25202,Hip-Hop
23994,Rock
41096,Blues
53503,Alternative
83671,Rock
59711,Rock
61562,Blues
67914,Jazz
50650,Electronic
32141,Hip-Hop
50317,Jazz
51665,Anime
70042,Rock
27911,Classical
40311,Rap
49904,Rap
47588,Blues
44657,Jazz
23053,Anime
42143,Country
77852,Classical
58240,Blues
67419,Alternative
75524,Electronic
29774,Rap
60161,Classical
45935,Classical
50100,Alternative
27735,Blues
22155,Jazz
28074,Classical
70652,Rock
73891,Classical
67578,Classical
48379,Country
53364,Rap
46115,Blues
80693,Blues
86176,Blues
69079,Country
29436,Rock
55813,Hip-Hop
78708,Anime
81049,Blues
36822,Rap
22274,Electronic
41472,Blues
69744,Blues
85910,Rock
79522,Rap
86953,Rap
65953,Hip-Hop
70639,Anime
79193,Rock
35294,Electronic
77931,Rock
63066,Rock
68106,Alternative
85652,Jazz
68770,Blues
75085,Hip-Hop
80369,Rock
79286,Blues
63102,Anime
86706,Hip-Hop
49496,Rock
43631,Classical
28056,Alternative
37736,Rock
60812,Blues
23204,Electronic
54161,Rock
30121,Alternative
66816,Alternative
82621,Rock
28760,Rap
85574,Rap
27085,Electronic
58429,Rock
39227,Classical
75952,Hip-Hop
83656,Anime
58626,Country
76948,Hip-Hop
40834,Country
66252,Rap
59319,Anime
62342,Anime
32156,Electronic
35817,Country
77770,Electronic
25530,Jazz
67138,Hip-Hop
74197,Electronic
28720,Classical
34223,Anime
59705,Rock
26142,Country
46526,Rap
23005,Alternative
59474,Classical
45707,Alternative
27027,Classical
57553,Country
90987,Hip-Hop
41262,Classical
78385,Blues
30750,Hip-Hop
65283,Classical
45981,Classical
65943,Alternative
22917,Anime
81906,Anime
47576,Classical
83134,Rap
77843,Country
30061,Classical
85448,Blues
58815,Jazz
39610,Classical
28228,Classical
20724,Classical
39201,Electronic
77056,Alternative
52020,Rap
22943,Country
87928,Hip-Hop
91571,Alternative
35921,Rap
86157,Classical
61361,Classical
61824,Anime
91068,Country
26519,Country
54567,Rock
84864,Blues
86854,Hip-Hop
28672,Classical
89590,Rap
40950,Classical
84346,Country
88444,Blues
84165,Blues
54821,Blues
49692,Blues
46715,Rock
52010,Rap
82981,Rap
25725,Alternative
30019,Country
35896,Blues
79523,Anime
86615,Country
22846,Hip-Hop
69121,Rap
87501,Classical
60441,Hip-Hop
59679,Anime
73116,Blues
79128,Rock
77924,Blues
50103,Electronic
32687,Classical
36166,Alternative
23042,Anime
86267,Classical
86002,Blues
54217,Classical
32061,Blues
90641,Classical
25215,Rock
76746,Rock
55403,Hip-Hop
53545,Electronic
28508,Electronic
34635,Classical
83181,Classical
40431,Anime
53432,Rap
72380,Jazz
91547,Country
21329,Rap
48834,Hip-Hop
60260,Jazz
62596,Hip-Hop
88414,Jazz
27670,Rock
20184,Hip-Hop
74754,Country
51779,Blues
44229,Blues
38429,Electronic
52175,Blues
74508,Rock
38226,Blues
88033,Hip-Hop
46508,Country
28366,Rock
43879,Blues
76786,Country
79751,Alternative
68264,Anime
35263,Classical
27380,Jazz
43617,Anime
66753,Alternative
81392,Blues
87466,Rock
43503,Blues
64420,Alternative
79663,Alternative
69705,Alternative
23454,Anime
89415,Blues
85299,Jazz
52464,Electronic
87262,Electronic
82220,Alternative
53978,Rap
26077,Alternative
34361,Classical
79197,Rap
44679,Anime
87060,Country
69407,Jazz
24344,Hip-Hop
32903,Country
81260,Hip-Hop
87783,Electronic
59070,Blues
84713,Rock
39540,Alternative
87881,Anime
62139,Country
34809,Classical
25628,Classical
45163,Alternative
30628,Alternative
88973,Alternative
79958,Rap
39602,Classical
67145,Rap
31157,Hip-Hop
89361,Anime
38655,Hip-Hop
30081,Anime
85900,Hip-Hop
73908,Country
40349,Rock
54879,Hip-Hop
67338,Alternative
37894,Electronic
83715,Blues
27123,Alternative
91289,Classical
53547,Anime
78358,Blues
73070,Jazz
85231,Classical
57054,Alternative
26421,Alternative
84532,Hip-Hop
65393,Blues
27409,Electronic
54312,Anime
74195,Alternative
48112,Country
48227,Jazz
67568,Hip-Hop
38819,Hip-Hop
29974,Electronic
75851,Rock
38200,Blues
34119,Blues
47538,Classical
50199,Rap
27378,Country
54292,Electronic
25808,Rap
64587,Rock
75010,Electronic
87791,Rap
85250,Alternative
62104,Alternative
57713,Rock
79767,Rock
57625,Blues
21071,Electronic
54208,Jazz
22607,Anime
28279,Hip-Hop
33901,Rock
35304,Blues
73033,Rock
43728,Country
38952,Classical
35753,Rap
87301,Blues
68674,Jazz
89545,Classical
84037,Country
40629,Anime
66762,Rap
38489,Alternative
50798,Rock
59440,Blues
65178,Blues
89685,Jazz
75272,Electronic
86956,Hip-Hop
54030,Anime
82915,Rap
52094,Rock
51792,Rap
28284,Rap
20113,Country
87653,Alternative
35743,Alternative
26678,Anime
73596,Blues
51560,Alternative
56709,Rap
24928,Jazz
53403,Jazz
22619,Classical
53744,Classical
54616,Anime
61554,Country
69985,Jazz
77452,Alternative
23419,Rock
33908,Rap
28964,Country
76506,Electronic
33456,Blues
24191,Rap
71957,Rap
60030,Country
67030,Alternative
48507,Jazz
70915,Blues
46551,Blues
89424,Electronic
44108,Rock
75115,Rap
22398,Rock
80442,Alternative
28649,Rap
44755,Rap
40871,Jazz
81727,Jazz
90895,Anime
80298,Rock
36834,Country
64081,Alternative
42371,Alternative
30453,Rap
36618,Hip-Hop
61161,Rock
69958,Hip-Hop
77541,Rock
39478,Rap
53182,Country
91376,Country
74527,Classical
37367,Alternative
85484,Anime
78633,Hip-Hop
48596,Alternative
74826,Rap
80998,Anime
53417,Rap
57049,Rap
33615,Electronic
80751,Blues
61234,Alternative
62521,Anime
23508,Alternative
87143,Rap
77220,Rock
78207,Hip-Hop
39623,Country
39015,Electronic
67572,Rock
82669,Country
46911,Hip-Hop
76013,Classical
80753,Hip-Hop
48074,Country
64825,Jazz
63874,Rock
57271,Blues
51202,Alternative
67118,Rap
83814,Blues
39573,Alternative
84886,Hip-Hop
86847,Electronic
82518,Blues
42067,Alternative
48139,Rock
56337,Alternative
88537,Blues
59730,Blues
32174,Rap
73134,Rock
44579,Country
31042,Jazz
73932,Anime
88390,Rap
83099,Country
84090,Country
78602,Jazz
49931,Rap
35740,Country
54430,Blues
36997,Electronic
46176,Alternative
59673,Blues
79201,Blues
83689,Electronic
84282,Rap
77132,Country
66739,Anime
88734,Jazz
83245,Blues
25710,Alternative
39970,Classical
76018,Country
44135,Rap
70179,Rap
83697,Electronic
36561,Blues
84578,Blues
70828,Country
83492,Rap
27262,Blues
51203,Jazz
58158,Electronic
61086,Electronic
67100,Anime
25075,Rock
88257,Country
51359,Rock
39806,Rap
83290,Classical
71123,Classical
75263,Country
21285,Alternative
39144,Jazz
81556,Classical
75841,Anime
72512,Country
70076,Rock
20475,Blues
60876,Anime
66334,Blues
46536,Hip-Hop
21821,Hip-Hop
66861,Country
59942,Country
61748,Hip-Hop
30388,Rap
38184,Country
47767,Rap
33039,Blues
85876,Classical
49775,Alternative
33221,Alternative
20810,Country
36524,Country
79824,Blues
28907,Alternative
36410,Rock
85580,Jazz
62021,Rock
35234,Jazz
41738,Alternative
30543,Blues
32989,Blues
28163,Country
33828,Blues
67600,Rap
61671,Anime
44146,Alternative
63726,Alternative
84088,Anime
28335,Blues
88531,Country
22198,Alternative
38212,Country
66928,Rock
85196,Alternative
27991,Electronic
90666,Classical
31945,Anime
86909,Classical
69376,Rock
63721,Anime
47711,Rock
26007,Country
50041,Hip-Hop
23664,Anime
84668,Classical
59235,Rock
82927,Country
56602,Hip-Hop
51534,Country
29908,Country
62571,Classical
38427,Hip-Hop
49885,Alternative
68035,Country
47258,Electronic
32688,Anime
69783,Jazz
58518,Blues
25785,Classical
40674,Anime
74474,Blues
60437,Rock
23622,Electronic
45052,Country
70889,Blues
75764,Classical
46132,Alternative
44894,Hip-Hop
67077,Jazz
26779,Rock
90219,Classical
91167,Rock
54884,Rock
64678,Country
72419,Classical
83764,Classical
28186,Classical
44624,Alternative
60777,Rap
43148,Rock
52203,Blues
46274,Rap
80212,Alternative
27001,Hip-Hop
34554,Jazz
89072,Country
44487,Country
82282,Alternative
54254,Country
82299,Country
84743,Classical
54079,Alternative
60209,Alternative
33289,Hip-Hop
85846,Electronic
37991,Classical
72003,Classical
62836,Alternative
25381,Hip-Hop
61659,Rock
71642,Country
80286,Blues
30541,Country
31155,Alternative
46418,Electronic
82955,Alternative
70585,Anime
88180,Blues
62783,Alternative
50771,Classical
21105,Country
84877,Hip-Hop
78148,Classical
67139,Electronic
56479,Classical
90177,Anime
63384,Country
23928,Rap
60749,Blues
68536,Country
79598,Anime
25252,Rock
60822,Jazz
77505,Alternative
22240,Rap
49113,Classical
41580,Blues
61907,Anime
32568,Blues
39605,Classical
64719,Alternative
23473,Blues
20307,Alternative
56738,Blues
35991,Rock
73523,Hip-Hop
37642,Alternative
81112,Blues
32712,Rap
54062,Anime
73419,Jazz
22248,Classical
55308,Electronic
45343,Rap
29305,Blues
73902,Alternative
51267,Country
25157,Classical
36521,Electronic
67241,Country
37570,Classical
22494,Jazz
86486,Electronic
39626,Rap
90012,Blues
82025,Hip-Hop
63481,Alternative
42187,Electronic
47892,Rap
83995,Blues
68152,Alternative
47899,Country
54923,Electronic
27286,Rock
43508,Jazz
43609,Rock
37814,Anime
82006,Blues
37701,Country
53248,Classical
88692,Rock
50223,Country
50528,Classical
39604,Anime
63225,Anime
89175,Rock
46776,Jazz
44480,Electronic
47890,Jazz
59958,Electronic
71497,Hip-Hop
81884,Jazz
25192,Classical
47627,Rock
39869,Rock
27854,Country
87753,Country
72961,Blues
44528,Hip-Hop
40270,Electronic
75334,Alternative
82276,Alternative
52182,Anime
53685,Jazz
88872,Rap
57298,Country
70416,Rap
63095,Blues
37324,Rap
65017,Anime
36441,Hip-Hop
75545,Electronic
26520,Blues
30517,Blues
90819,Blues
56008,Blues
46832,Rock
57028,Blues
27156,Country
62455,Blues
55149,Classical
22170,Electronic
68329,Electronic
22554,Alternative
74505,Alternative
46114,Hip-Hop
81510,Hip-Hop
43169,Alternative
69755,Electronic
24200,Rock
33600,Classical
55719,Blues
64201,Country
24202,Anime
33488,Blues
46652,Jazz
32250,Country
27917,Classical
73828,Jazz
34363,Country
46939,Rock
78931,Country
23749,Rap
53574,Blues
55328,Rock
87246,Jazz
31058,Anime
80721,Rap
42908,Country
25612,Hip-Hop
22781,Blues
34175,Country
26434,Blues
90160,Hip-Hop
65631,Electronic
85393,Electronic
52736,Country
87139,Rap
40831,Blues
28938,Blues
86484,Rock
71536,Blues
87650,Electronic
74169,Alternative
87417,Electronic
58181,Blues
75896,Country
83022,Rap
34209,Rock
74159,Rap
33612,Electronic
68424,Blues
75224,Country
49084,Alternative
45005,Rap
26427,Classical
39702,Jazz
45739,Rock
38698,Classical
36109,Blues
84104,Rap
74096,Country
33130,Anime
57815,Country
79081,Jazz
43010,Blues
74107,Rap
33331,Country
86104,Anime
20012,Alternative
87531,Jazz
52242,Anime
45150,Blues
34334,Electronic
51250,Country
51276,Alternative
70498,Blues
88987,Blues
66713,Blues
69517,Electronic
84021,Jazz
49799,Hip-Hop
22006,Classical
87612,Rap
63177,Blues
26673,Blues
31830,Electronic
61556,Blues
42500,Electronic
59584,Electronic
22334,Blues
47182,Rap
85252,Rap
32028,Classical
69980,Electronic
39937,Rap
74062,Alternative
70923,Anime
73539,Blues
67129,Electronic
60571,Rock
46242,Electronic
91648,Rock
28401,Classical
62330,Rock
60498,Electronic
85106,Country
25234,Rock
68305,Electronic
90043,Country
86790,Hip-Hop
90184,Rap
80511,Country
79134,Rock
41645,Anime
58428,Rap
63966,Jazz
86312,Hip-Hop
91144,Hip-Hop
60788,Anime
88837,Country
28081,Blues
77370,Electronic
68731,Classical
25926,Blues
42355,Hip-Hop
56055,Alternative
73476,Anime
20833,Blues
89357,Rock
89341,Rap
70183,Hip-Hop
36052,Rock
61683,Rock
78218,Blues
77796,Hip-Hop
83620,Rock
34352,Rap
23649,Anime
28960,Rap
50688,Country
39564,Hip-Hop
78713,Electronic
52610,Rock
75891,Electronic
85932,Rock
23968,Rock
59522,Anime
70467,Alternative
85663,Anime
88921,Classical
36991,Alternative
78594,Blues
31794,Country
48500,Hip-Hop
61995,Country
83252,Hip-Hop
88471,Anime
53035,Rap
24075,Rock
59115,Blues
39593,Anime
69884,Alternative
57179,Hip-Hop
24444,Anime
44582,Country
31641,Anime
20089,Blues
73942,Jazz
48014,Anime
78231,Alternative
27833,Jazz
52213,Blues
77273,Rock
27315,Electronic
87220,Alternative
45858,Jazz
36062,Blues
90700,Blues
42993,Blues
70517,Anime
51375,Hip-Hop
49585,Blues
25399,Hip-Hop
86456,Rock
60340,Rock
23077,Blues
91043,Alternative
26761,Classical
35454,Classical
45214,Classical
44686,Country
21559,Blues
88556,Classical
31223,Hip-Hop
82000,Country
45271,Rap
37980,Country
42445,Blues
39078,Blues
77133,Rap
55873,Hip-Hop
37061,Country
69588,Alternative
51445,Alternative
84941,Blues
76352,Hip-Hop
65009,Rap
84111,Rap
32725,Rock
27138,Country
59133,Rock
60238,Alternative
27294,Blues
36686,Classical
27011,Hip-Hop
77838,Rock
82126,Blues
82655,Jazz
50749,Classical
70428,Rap
34710,Blues
76120,Blues
68679,Electronic
51605,Anime
46410,Electronic
43547,Anime
80709,Country
69711,Country
43177,Rap
55488,Blues
71185,Anime
44391,Country
48201,Country
55364,Hip-Hop
83340,Electronic
32746,Hip-Hop
27811,Blues
43746,Blues
53594,Blues
57945,Hip-Hop
45598,Blues
24678,Electronic
75863,Hip-Hop
90662,Classical
20293,Blues
58664,Rock
91562,Electronic
35993,Rap
52846,Blues
67585,Classical
53600,Anime
84770,Electronic
65387,Anime
54970,Rap
75651,Electronic
52541,Jazz
70020,Blues
71932,Hip-Hop
68393,Country
42738,Hip-Hop
63970,Hip-Hop
84582,Electronic
53269,Jazz
40371,Country
26213,Classical
51394,Blues
39889,Blues
58811,Rock
56696,Rock
67817,Anime
44562,Jazz
61463,Rock
62339,Country
66487,Rap
64087,Blues
22515,Country
61909,Hip-Hop
90415,Classical
60814,Country
22877,Alternative
26870,Hip-Hop
48662,Rap
60357,Classical
63050,Rap
61232,Electronic
51782,Electronic
63890,Rock
36296,Jazz
67990,Jazz
68906,Hip-Hop
69455,Blues
67875,Classical
71487,Country
33186,Classical
54323,Rock
42456,Rap
69741,Alternative
41914,Blues
35208,Country
69878,Hip-Hop
65984,Jazz
80482,Classical
21353,Jazz
83945,Hip-Hop
36879,Country
63741,Rap
74739,Alternative
30089,Alternative
21957,Country
34489,Classical
79898,Blues
79232,Jazz
66939,Rock
66425,Blues
90367,Hip-Hop
72693,Classical
23392,Rock
32818,Hip-Hop
62881,Jazz
58433,Alternative
51099,Country
31412,Country
68549,Electronic
68580,Blues
56471,Rap
66734,Alternative
49265,Electronic
22571,Country
75548,Hip-Hop
53582,Rock
67535,Electronic
43440,Country
63993,Anime
70005,Country
32953,Electronic
40379,Classical
28507,Hip-Hop
29736,Electronic
45621,Alternative
84202,Blues
69826,Alternative
90566,Anime
79392,Rock
77764,Electronic
52823,Alternative
89185,Electronic
26602,Blues
34441,Country
59375,Blues
56834,Electronic
21941,Electronic
38478,Electronic
30684,Country
56890,Classical
28622,Anime
59231,Rock
68965,Classical
86519,Rock
82322,Classical
37539,Classical
21337,Jazz
64384,Classical
44600,Rock
78544,Blues
90563,Rap
74481,Hip-Hop
54518,Blues
81496,Jazz
43788,Blues
82140,Alternative
50866,Country
87697,Classical
81322,Anime
71606,Blues
74187,Country
46749,Blues
61172,Country
67379,Classical
43708,Rock
31697,Alternative
48753,Classical
86247,Anime
39321,Anime
81303,Rap
31700,Jazz
39283,Rock
86223,Jazz
36986,Jazz
69730,Alternative
31511,Blues
21320,Anime
24362,Hip-Hop
81325,Blues
54702,Country
25164,Jazz
29295,Blues
28821,Country
23465,Alternative
28266,Rock
63607,Alternative
43957,Country
45417,Anime
24786,Alternative
29231,Jazz
28399,Hip-Hop
51688,Jazz
63677,Country
60857,Anime
46581,Jazz
90000,Hip-Hop
90721,Anime
42199,Rock
47069,Hip-Hop
37286,Jazz
48423,Alternative
69748,Classical
64209,Blues
78921,Country
53020,Rap
20954,Electronic
51820,Classical
64456,Blues
73654,Anime
37470,Anime
36747,Jazz
59316,Rap
57868,Country
26108,Anime
90610,Alternative
37401,Alternative
42836,Alternative
60187,Blues
76962,Alternative
21987,Country
25590,Jazz
54053,Anime
91202,Alternative
21776,Country
52271,Rock
80021,Anime
39210,Country
49684,Hip-Hop
72272,Jazz
46932,Classical
63821,Hip-Hop
67295,Rap
38117,Rock
65658,Classical
77890,Rock
46643,Alternative
50459,Anime
27444,Alternative
30281,Jazz
68231,Country
41288,Alternative
41813,Rap
27726,Blues
75946,Rap
37037,Hip-Hop
54477,Hip-Hop
50421,Jazz
59966,Rap
60539,Country
39569,Jazz
74179,Electronic
64859,Country
37359,Alternative
83532,Country
67472,Alternative
20971,Jazz
35602,Electronic
35064,Electronic
67376,Alternative
28369,Classical
91357,Blues
89310,Classical
42726,Anime
44658,Blues
62922,Country
90371,Alternative
67102,Electronic
69093,Rap
81680,Country
59531,Electronic
89899,Electronic
71280,Jazz
62992,Hip-Hop
91365,Rock
72376,Classical
72735,Alternative
44626,Rap
65158,Electronic
54058,Hip-Hop
52768,Rap
75154,Electronic
43079,Classical
54014,Rap
33317,Blues
90612,Rap
39582,Anime
80146,Electronic
47524,Alternative
47873,Alternative
89300,Hip-Hop
89750,Blues
52408,Rap
46562,Alternative
68530,Jazz
72018,Electronic
76114,Anime
43717,Jazz
77758,Electronic
87126,Classical
45711,Rock
21913,Hip-Hop
60284,Country
58456,Jazz
76953,Anime
88097,Alternative
39038,Rock
75244,Hip-Hop
84231,Electronic
28462,Electronic
49911,Rock
75113,Rap
56495,Country
47770,Electronic
85033,Anime
76250,Electronic
70831,Blues
65544,Jazz
61329,Electronic
43484,Hip-Hop
39269,Jazz
33631,Rap
48703,Country
37802,Electronic
38253,Blues
37849,Rock
65720,Alternative
48828,Country
62073,Jazz
34598,Blues
34309,Classical
39308,Rap
70837,Anime
34894,Anime
87581,Hip-Hop
80606,Blues
37122,Alternative
24022,Classical
89837,Electronic
54084,Alternative
45147,Blues
20360,Country
53780,Alternative
60150,Classical
37065,Classical
20465,Rock
60222,Country
24232,Hip-Hop
69493,Rap
50507,Hip-Hop
21340,Electronic
57482,Country
77737,Blues
22582,Rap
32651,Rock
36782,Jazz
44475,Electronic
39313,Rock
75119,Hip-Hop
45293,Classical
63054,Country
26344,Country
35823,Rock
59101,Alternative
26985,Rap
44996,Anime
74360,Classical
49080,Blues
62952,Hip-Hop
35107,Country
89338,Classical
76637,Electronic
59367,Electronic
22683,Rock
63772,Jazz
77616,Country
85197,Country
81252,Hip-Hop
46633,Country
91354,Rock
34952,Electronic
51615,Rap
25525,Hip-Hop
47649,Rock
56748,Blues
83690,Blues
31060,Country
81822,Rap
65735,Jazz
52692,Hip-Hop
20884,Rap
90068,Hip-Hop
47129,Jazz
34669,Alternative
21548,Electronic
71953,Classical
44816,Jazz
23924,Classical
89358,Alternative
43198,Blues
39563,Classical
49136,Anime
35228,Rock
51376,Hip-Hop
35377,Classical
30876,Alternative
83732,Electronic
43852,Jazz
44195,Country
73276,Anime
25204,Jazz
56229,Country
59023,Hip-Hop
38786,Rock
76358,Electronic
47725,Country
24256,Blues
50014,Electronic
46563,Country
85858,Rock
74524,Hip-Hop
74767,Jazz
31011,Electronic
34767,Hip-Hop
42385,Electronic
52222,Hip-Hop
25067,Jazz
31184,Anime
46433,Classical
49888,Classical
72951,Rock
39957,Anime
34259,Electronic
76364,Electronic
80861,Rock
37808,Jazz
77717,Jazz
47064,Rock
90586,Hip-Hop
73045,Country
63709,Rap
57809,Electronic
64673,Alternative
23211,Electronic
46582,Electronic
29112,Hip-Hop
71956,Blues
33176,Alternative
27864,Classical
86681,Rap
43449,Rap
34772,Jazz
51757,Alternative
30910,Hip-Hop
66814,Rock
21720,Rap
39542,Jazz
83059,Rock
80772,Anime
21700,Anime
52270,Blues
56997,Country
62782,Anime
79629,Alternative
78345,Hip-Hop
49627,Blues
20383,Jazz
44918,Rap
31519,Rock
50227,Country
65171,Country
57200,Blues
23736,Electronic
58542,Electronic
57997,Alternative
72280,Rock
79493,Alternative
55552,Classical
83810,Rap
70337,Rock
40368,Electronic
71438,Country
42328,Classical
59613,Blues
55561,Alternative
89733,Country
71254,Electronic
65228,Country
70675,Anime
72633,Electronic
54228,Hip-Hop
27418,Anime
73139,Electronic
71475,Anime
68288,Electronic
40354,Classical
43671,Anime
87226,Anime
40617,Electronic
30969,Alternative
58891,Jazz
57246,Rap
84355,Electronic
78490,Electronic
46866,Electronic
64700,Country
48630,Country
28028,Anime
81849,Country
55223,Classical
23950,Alternative
91310,Hip-Hop
64499,Country
68413,Electronic
28528,Rock
31008,Blues
85674,Country
40630,Blues
25401,Country
49666,Blues
49291,Rock
66277,Rap
89779,Jazz
20040,Anime
76744,Country
80590,Anime
68027,Rock
30573,Classical
30014,Blues
46225,Alternative
57168,Jazz
28191,Alternative
39845,Alternative
31747,Electronic
79879,Blues
48775,Rock
34267,Alternative
37650,Jazz
75227,Country
43188,Jazz
76010,Rock
25670,Blues
39137,Hip-Hop
78156,Country
45953,Electronic
29543,Blues
74482,Blues
22392,Blues
25804,Jazz
47464,Country
29089,Alternative
88310,Electronic
61446,Anime
73368,Blues
86252,Alternative
83700,Rock
65036,Blues
71722,Hip-Hop
47861,Country
64156,Blues
67741,Country
22149,Rap
82374,Rock
38127,Country
78873,Anime
74151,Alternative
69342,Rap
85438,Electronic
84246,Rock
21037,Blues
88397,Country
21876,Rap
86766,Rock
63480,Alternative
58807,Rock
70541,Classical
42673,Country
44685,Classical
88581,Rock
65088,Anime
20267,Electronic
62067,Electronic
68121,Classical
34387,Jazz
46272,Electronic
72149,Jazz
55904,Electronic
86710,Electronic
69485,Rap
56993,Classical
36283,Country
52357,Rap
37101,Rock
38706,Classical
39180,Electronic
70250,Blues
77272,Country
84457,Hip-Hop
84793,Anime
64494,Electronic
36468,Rap
33055,Rock
85625,Anime
75033,Country
30549,Anime
23092,Electronic
33885,Country
22929,Alternative
65842,Country
62094,Country
79213,Electronic
87496,Country
66881,Blues
43655,Rock
75219,Blues
86007,Alternative
89204,Jazz
24317,Blues
91162,Blues
77488,Electronic
49016,Classical
46628,Country
66629,Classical
22974,Rap
37543,Anime
22097,Electronic
24123,Rock
23432,Rap
55218,Country
43637,Electronic
73369,Electronic
72828,Anime
39764,Jazz
86143,Blues
52911,Jazz
36349,Rock
28590,Rock
36546,Hip-Hop
38080,Country
61479,Electronic
70667,Electronic
84826,Rap
50808,Rock
51720,Country
24392,Anime
68320,Anime
72497,Alternative
22150,Rap
21526,Blues
70374,Rock
28370,Electronic
90085,Classical
47124,Rap
72471,Rap
30785,Jazz
23582,Rock
22719,Blues
86992,Blues
35754,Classical
77308,Country
35575,Anime
76768,Blues
20395,Country
31082,Alternative
90556,Anime
31444,Alternative
74543,Electronic
62264,Blues
41893,Classical
51643,Alternative
54509,Rock
39678,Rap
40266,Hip-Hop
82326,Jazz
58307,Electronic
43837,Classical
47659,Classical
50893,Electronic
62337,Alternative
43364,Country
36837,Blues
77343,Electronic
90511,Anime
83958,Rock
86083,Rock
26747,Hip-Hop
22853,Rock
65781,Hip-Hop
64393,Anime
89582,Country
47294,Classical
90464,Alternative
32779,Alternative
41788,Electronic
67522,Country
57562,Rock
24961,Electronic
45194,Rap
44317,Electronic
30018,Rap
29423,Anime
61643,Blues
84829,Country
80355,Rock
81489,Jazz
39973,Jazz
78194,Alternative
23701,Electronic
28226,Electronic
89928,Alternative
26335,Rock
91284,Rap
50221,Country
43923,Anime
38209,Anime
70169,Alternative
22285,Country
76724,Rap
20453,Jazz
53082,Electronic
66558,Anime
68943,Hip-Hop
82199,Electronic
26018,Country
56562,Rock
74072,Blues
43073,Classical
76614,Blues
54093,Rap
67728,Country
89412,Anime
44634,Rap
64907,Country
88673,Rap
57745,Electronic
89952,Classical
55750,Hip-Hop
43009,Country
71077,Anime
27329,Country
60563,Blues
73772,Anime
62166,Electronic
88208,Electronic
48011,Rap
52100,Rap
74691,Alternative
27404,Rock
62652,Classical
81116,Country
70107,Alternative
59649,Classical
73443,Electronic
30259,Hip-Hop
25207,Blues
62411,Rock
88202,Country
69348,Rap
62065,Classical
75125,Jazz
69209,Country
87068,Alternative
49352,Electronic
49380,Alternative
77988,Rock
44070,Jazz
58610,Jazz
50345,Blues
49042,Rock
68063,Rap
57796,Jazz
28948,Rap
33931,Rap
74457,Alternative
26473,Rap
69015,Rap
36460,Blues
24513,Alternative
30015,Electronic
21727,Alternative
85914,Alternative
30641,Hip-Hop
69335,Electronic
84974,Jazz
48529,Rock
85844,Anime
66013,Alternative
59308,Hip-Hop
91524,Classical
37281,Country
57662,Alternative
54159,Rap
23704,Country
26195,Alternative
71485,Alternative
56476,Blues
34562,Anime
28650,Country
57613,Country
60633,Blues
34057,Rock
74808,Jazz
23124,Alternative
34664,Anime
84763,Electronic
40235,Blues
37246,Anime
80625,Blues
52760,Alternative
24743,Blues
86739,Blues
50128,Country
40472,Electronic
45924,Electronic
83208,Rock
55706,Rap
36072,Classical
79899,Rock
22577,Blues
72859,Blues
59165,Blues
62177,Electronic
74803,Classical
72387,Country
87886,Country
23288,Jazz
74536,Hip-Hop
39219,Hip-Hop
22139,Rap
81903,Electronic
91317,Classical
32570,Classical
33096,Rap
28818,Country
46843,Electronic
91629,Country
49617,Hip-Hop
74346,Alternative
49892,Alternative
80285,Classical
83680,Rock
51304,Alternative
69621,Rap
61023,Country
83261,Anime
20786,Anime
83785,Country
50081,Rock
86043,Rock
24243,Rock
34953,Blues
28904,Alternative
56573,Blues
52216,Alternative
75670,Rock
67175,Anime
56904,Electronic
32981,Rock
28147,Anime
31827,Alternative
44057,Alternative
30401,Electronic
74393,Blues
91203,Rock
51571,Rap
36849,Electronic
29844,Blues
37652,Rock
51111,Electronic
46197,Electronic
36371,Jazz
80292,Electronic
30873,Hip-Hop
63437,Country
66412,Rock
26766,Electronic
66857,Classical
29282,Electronic
81589,Blues
30853,Anime
39426,Rock
61571,Hip-Hop
52956,Country
66869,Hip-Hop
87838,Rock
45300,Jazz
45008,Classical
35950,Classical
23308,Anime
83462,Classical
61955,Blues
50539,Hip-Hop
46380,Rap
54209,Jazz
83319,Hip-Hop
62163,Rock
42541,Electronic
51489,Classical
73303,Rock
38354,Blues
74723,Electronic
55699,Country
45864,Country
66012,Anime
65848,Rock
36464,Electronic
50348,Hip-Hop
82744,Blues
53295,Rap
30256,Blues
43938,Anime
42228,Country
51695,Blues
51237,Rap
80890,Rap
46705,Rock
26666,Alternative
56568,Electronic
50577,Rap
76781,Blues
44571,Alternative
45526,Blues
90033,Rock
87413,Hip-Hop
27557,Blues
65209,Rock
62315,Rap
78016,Blues
84340,Rock
41323,Rap
54358,Electronic
71288,Anime
20117,Electronic
46169,Country
83214,Anime
59581,Hip-Hop
38591,Alternative
35987,Rock
41593,Anime
80309,Rap
55791,Electronic
24376,Electronic
76148,Rock
41762,Classical
53145,Rap
59523,Hip-Hop
70900,Classical
58592,Anime
38434,Blues
39635,Country
67033,Electronic
20375,Anime
43615,Jazz
62341,Blues
57724,Rap
80635,Country
46026,Country
41748,Blues
90890,Alternative
66413,Blues
84928,Blues
46145,Country
21156,Country
20581,Alternative
84199,Electronic
29208,Blues
79520,Alternative
62441,Electronic
42265,Hip-Hop
70806,Jazz
77848,Rap
75648,Electronic
49026,Classical
35246,Blues
51470,Rap
51681,Alternative
44017,Electronic
36688,Alternative
76340,Anime
60399,Jazz
73616,Rap
30693,Electronic
90155,Rock
26535,Country
71278,Country
68131,Anime
20358,Country
53425,Jazz
81292,Rock
64374,Country
48669,Rock
53875,Anime
31975,Country
76423,Blues
70598,Electronic
47003,Rap
73661,Jazz
78936,Hip-Hop
89023,Jazz
73275,Rock
90867,Rock
49520,Rap
47085,Rock
68814,Blues
70478,Country
21796,Country
70936,Classical
44197,Hip-Hop
65639,Electronic
41293,Classical
83422,Rock
81407,Classical
77036,Electronic
43946,Blues
39797,Jazz
32828,Alternative
69698,Anime
44642,Rap
67341,Rock
37722,Rap
29313,Alternative
78640,Classical
23925,Hip-Hop
56770,Hip-Hop
35847,Country
82661,Hip-Hop
24484,Jazz
60768,Rap
23945,Alternative
82092,Rap
72987,Hip-Hop
58452,Jazz
43732,Blues
71896,Electronic
59488,Alternative
23641,Alternative
29557,Electronic
73387,Alternative
43983,Country
37494,Classical
32415,Hip-Hop
76374,Classical
30635,Rap
84984,Rock
67927,Blues
65771,Rock
57781,Alternative
55735,Classical
37485,Jazz
33891,Jazz
42131,Hip-Hop
63313,Classical
41638,Alternative
24494,Alternative
22110,Alternative
83048,Hip-Hop
57804,Rock
25430,Rap
72183,Blues
85161,Rock
88713,Jazz
70599,Jazz
54413,Country
88277,Blues
58344,Blues
57368,Rap
55674,Rap
22501,Country
66647,Alternative
79380,Rock
86361,Anime
59091,Anime
54445,Electronic
47781,Anime
36456,Jazz
58560,Blues
63962,Alternative
55241,Anime
55908,Rock
51492,Hip-Hop
71051,Hip-Hop
84781,Blues
61565,Country
27079,Rock
75937,Classical
91061,Blues
85725,Hip-Hop
27902,Electronic
62328,Blues
28290,Blues
64195,Classical
58096,Electronic
50036,Electronic
88173,Rap
30100,Hip-Hop
25660,Hip-Hop
30728,Alternative
85219,Electronic
47996,Classical
76138,Jazz
80692,Anime
46064,Electronic
37360,Hip-Hop
72084,Classical
23063,Blues
26362,Electronic
72238,Electronic
30498,Rap
89345,Alternative
64559,Rap
82289,Country
33021,Hip-Hop
48331,Alternative
22569,Country
38918,Hip-Hop
91586,Hip-Hop
45022,Blues
45170,Rap
35094,Electronic
60622,Alternative
45122,Blues
27477,Hip-Hop
40609,Blues
34573,Electronic
21542,Classical
39497,Country
44238,Jazz
26788,Hip-Hop
82086,Country
21596,Rap
82014,Classical
66562,Blues
44534,Jazz
85331,Classical
54162,Anime
39258,Electronic
72349,Blues
84880,Electronic
82675,Blues
53177,Classical
84961,Country
29191,Country
70669,Hip-Hop
68175,Anime
83196,Blues
25611,Rock
67598,Electronic
88181,Anime
66032,Rap
59802,Rap
49425,Electronic
37614,Jazz
45731,Classical
55390,Rap
21310,Rock
53598,Classical
52415,Country
65924,Blues
66293,Alternative
64910,Country
23263,Classical
85687,Country
42151,Country
81969,Jazz
25287,Electronic
72242,Rap
41700,Rap
78730,Jazz
91221,Electronic
88869,Alternative
73183,Blues
36676,Blues
31302,Country
39835,Anime
35639,Country
77495,Country
79779,Rock
89140,Rock
60406,Country
21464,Classical
48138,Country
48435,Hip-Hop
32710,Jazz
29714,Classical
66651,Hip-Hop
49014,Hip-Hop
70591,Jazz
73819,Jazz
90526,Country
51256,Blues
28734,Classical
24727,Jazz
55037,Rap
57988,Country
25422,Jazz
65742,Jazz
64978,Rock
43250,Anime
41887,Rap
29494,Hip-Hop
78887,Blues
57611,Jazz
20886,Classical
38232,Electronic
33088,Rock
30459,Alternative
41509,Anime
43494,Country
45177,Electronic
48013,Anime
79669,Country
25755,Electronic
21472,Rap
28890,Blues
74447,Anime
25323,Jazz
89616,Anime
37299,Rock
53494,Rap
32827,Jazz
69683,Anime
23872,Classical
63974,Alternative
37695,Classical
85700,Classical
50392,Country
74375,Hip-Hop
63939,Alternative
76767,Electronic
45290,Alternative
82757,Country
65739,Alternative
51604,Anime
87088,Anime
47913,Anime
57467,Blues
66622,Alternative
39713,Blues
37813,Electronic
53952,Hip-Hop
79253,Anime
49583,Hip-Hop
52282,Rap
36158,Blues
68681,Hip-Hop
26332,Classical
20830,Rock
64079,Country
54124,Hip-Hop
53888,Anime
87157,Electronic
81472,Blues
20843,Country
27253,Jazz
25553,Jazz
80849,Rock
86283,Electronic
86278,Alternative
48804,Jazz
56436,Jazz
43471,Country
65177,Blues
38938,Rock
78310,Blues
49104,Blues
69999,Anime
74065,Electronic
49880,Electronic
87162,Electronic
25961,Rock
49218,Rap
59664,Hip-Hop
30416,Anime
41979,Electronic
41751,Rock
53820,Rap
59182,Country
30953,Hip-Hop
79506,Rap
79511,Anime
74900,Anime
69817,Electronic
81691,Jazz
55421,Blues
70401,Electronic
76315,Country
52807,Anime
42690,Alternative
33657,Alternative
82047,Hip-Hop
21497,Anime
21331,Rap
86624,Country
27929,Rock
46890,Rap
68000,Classical
77177,Anime
53301,Rap
67215,Hip-Hop
24448,Rap
46284,Hip-Hop
61653,Rock
85626,Blues
49890,Blues
47558,Rock
23188,Alternative
74188,Hip-Hop
58314,Anime
67904,Country
32300,Alternative
43353,Country
84798,Blues
32948,Classical
39487,Rock
45697,Classical
77230,Electronic
70699,Electronic
76142,Hip-Hop
85868,Rock
66184,Blues
41189,Rap
88634,Electronic
63137,Country
46020,Electronic
23366,Country
52590,Classical
78053,Alternative
58885,Electronic
26501,Electronic
45476,Hip-Hop
21228,Hip-Hop
43110,Country
58168,Hip-Hop
87247,Hip-Hop
81042,Blues
91451,Electronic
90769,Rap
67092,Country
22707,Rock
60027,Hip-Hop
59372,Rap
79614,Alternative
42232,Anime
78566,Blues
74323,Alternative
35250,Alternative
26487,Rap
77439,Classical
57556,Rock
74918,Blues
64763,Country
20207,Country
67874,Country
32150,Electronic
74865,Anime
87609,Electronic
75522,Blues
32168,Country
29840,Anime
86888,Alternative
91604,Classical
56690,Rock
45586,Electronic
67339,Classical
72145,Alternative
62311,Rock
67041,Rap
51227,Electronic
68065,Blues
87058,Blues
33411,Rap
33551,Hip-Hop
77419,Hip-Hop
79402,Electronic
74033,Rock
89481,Country
31686,Alternative
23381,Electronic
28307,Country
83362,Country
26896,Classical
76758,Blues
21770,Country
86294,Hip-Hop
79063,Hip-Hop
37272,Blues
47235,Rock
23517,Alternative
51149,Alternative
41458,Hip-Hop
30552,Anime
91116,Hip-Hop
38405,Hip-Hop
33893,Electronic
72566,Blues
25542,Country
41098,Alternative
44394,Electronic
70197,Country
56304,Blues
86506,Jazz
38665,Hip-Hop
35445,Country
37843,Hip-Hop
36739,Blues
37085,Classical
32762,Country
46570,Country
24334,Blues
27609,Anime
24748,Alternative
44270,Classical
71516,Electronic
61853,Alternative
37976,Blues
64340,Jazz
83980,Alternative
21351,Electronic
74994,Rock
45754,Hip-Hop
25793,Hip-Hop
36911,Country
36950,Blues
62781,Hip-Hop
85873,Alternative
50557,Rap
66597,Hip-Hop
75632,Alternative
48653,Hip-Hop
23020,Anime
25153,Electronic
67335,Classical
53216,Classical
29536,Blues
85300,Rock
43981,Classical
20762,Country
48238,Electronic
88889,Rock
36639,Alternative
81059,Hip-Hop
21208,Anime
70362,Country
45062,Electronic
62347,Anime
28424,Classical
60307,Jazz
44660,Blues
84173,Anime
58214,Electronic
32853,Anime
65063,Blues
39861,Anime
41054,Rap
28826,Jazz
20700,Rock
30870,Rock
82378,Rap
39245,Alternative
63985,Alternative
39490,Anime
34909,Classical
67678,Jazz
72731,Electronic
50954,Classical
78108,Rap
27297,Anime
56808,Country
33865,Rock
28331,Rap
88948,Alternative
29152,Rock
45256,Blues
65950,Rock
86650,Blues
59817,Rap
53167,Blues
70702,Electronic
42880,Country
72998,Country
83458,Blues
60926,Jazz
21534,Alternative
65268,Anime
31123,Country
70809,Blues
79491,Rap
20050,Hip-Hop
58250,Blues
50044,Anime
44445,Anime
46105,Jazz
61118,Anime
25902,Rap
91559,Blues
90719,Rap
89429,Alternative
59615,Country
50006,Electronic
47651,Country
32453,Rock
54844,Rock
36734,Electronic
83307,Hip-Hop
64429,Alternative
60702,Classical
39647,Alternative
64904,Blues
28648,Country
75806,Rap
26278,Alternative
57549,Blues
65748,Jazz
73287,Anime
30513,Classical
56319,Anime
48586,Alternative
35897,Blues
69808,Anime
75701,Electronic
64931,Electronic
28749,Country
68085,Electronic
89365,Electronic
47092,Jazz
72589,Blues
90877,Rap
62628,Electronic
33549,Blues
50672,Classical
80383,Blues
91327,Electronic
39451,Anime
76360,Jazz
59693,Electronic
65790,Classical
88908,Classical
55460,Rock
39533,Hip-Hop
56296,Anime
32597,Country
54946,Country
60349,Country
50325,Rap
26165,Jazz
75418,Country
91254,Rock
66757,Classical
83366,Classical
36271,Rap
80009,Alternative
70441,Electronic
85226,Country
37838,Jazz
74749,Blues
46286,Country
26352,Country
22369,Rock
46769,Jazz
73482,Hip-Hop
24409,Hip-Hop
87623,Rock
31054,Classical
89801,Anime
41337,Alternative
66708,Hip-Hop
60854,Jazz
71518,Alternative
30231,Rap
89498,Rap
30153,Alternative
20504,Anime
44258,Classical
36508,Alternative
29016,Alternative
80038,Electronic
63643,Country
52593,Classical
83218,Rock
71618,Rap
69449,Classical
28736,Hip-Hop
27425,Rap
36324,Rock
74771,Hip-Hop
87897,Rock
73861,Country
25424,Electronic
54242,Country
33620,Classical
48443,Anime
88529,Blues
38694,Country
77116,Anime
85371,Alternative
57871,Blues
71531,Rock
54707,Country
32146,Alternative
49699,Jazz
28707,Hip-Hop
90326,Country
32424,Anime
53209,Anime
61022,Classical
71281,Classical
87600,Country
43100,Jazz
21584,Jazz
58841,Hip-Hop
61322,Rap
66682,Blues
22639,Country
50109,Country
79872,Alternative
58299,Country
39094,Electronic
34466,Country
38869,Alternative
36908,Hip-Hop
91518,Hip-Hop
62115,Rock
29384,Rap
59611,Alternative
61491,Rock
23147,Rap
30948,Rap
43511,Rap
21175,Alternative
35495,Rap
48154,Anime
69597,Classical
21375,Rap
47135,Country
42333,Rap
50563,Electronic
39727,Classical
34989,Country
65760,Country
63024,Anime
48836,Rock
49258,Anime
68066,Country
41451,Anime
71745,Blues
71414,Country
31688,Hip-Hop
36874,Electronic
91646,Country
89729,Electronic
71492,Electronic
77126,Country
38280,Anime
35873,Hip-Hop
79127,Electronic
90018,Rap
59819,Rap
46900,Country
89869,Rock
61860,Jazz
77794,Rock
69743,Classical
68991,Alternative
55896,Alternative
85715,Blues
69012,Blues
48404,Hip-Hop
50194,Electronic
55689,Rock
75017,Electronic
66949,Country
69596,Alternative
44215,Hip-Hop
87064,Rock
32990,Jazz
61896,Country
32534,Rap
21287,Electronic
57785,Rock
69474,Anime
32686,Alternative
21392,Rap
87431,Rap
56876,Alternative
80862,Rap
35660,Alternative
46173,Hip-Hop
25275,Country
41818,Jazz
82240,Electronic
29770,Hip-Hop
30593,Alternative
62184,Rock
61474,Electronic
57731,Classical
44511,Country
84714,Classical
74322,Rock
87299,Classical
47272,Blues
80961,Jazz
41095,Rap
83138,Hip-Hop
80195,Anime
32520,Electronic
36565,Classical
81069,Classical
38263,Blues
60573,Classical
73251,Electronic
73223,Jazz
49690,Hip-Hop
58347,Classical
64887,Jazz
64824,Rock
28635,Classical
32129,Country
70529,Rap
33939,Hip-Hop
22659,Rap
51398,Alternative
52703,Electronic
40584,Blues
23830,Hip-Hop
73019,Jazz
41083,Alternative
31767,Electronic
55905,Alternative
88574,Alternative
66514,Country
41032,Electronic
82239,Country
56038,Country
29218,Jazz
91686,Country
25177,Country
48155,Jazz
88804,Rap
73211,Alternative
40805,Jazz
86809,Rap
21214,Alternative
65618,Country
62265,Blues
39214,Blues
51039,Blues
41292,Country
60998,Jazz
22713,Blues
45200,Jazz
52666,Hip-Hop
42623,Jazz
42649,Classical
51723,Electronic
39946,Country
58554,Hip-Hop
20385,Jazz
89106,Anime
82693,Rock
62243,Electronic
65683,Rock
84762,Electronic
46640,Anime
43866,Blues
82536,Classical
39699,Rock
82923,Blues
26668,Jazz
29203,Alternative
68854,Country
30818,Hip-Hop
60003,Electronic
88193,Country
58980,Electronic
52044,Country
90483,Alternative
24201,Rap
75702,Rap
88844,Rock
32560,Country
27241,Rap
28480,Jazz
70631,Blues
80471,Jazz
35781,Classical
28251,Rock
62855,Blues
50596,Classical
83949,Blues
25747,Country
54341,Country
57899,Alternative
83119,Electronic
88078,Electronic
65929,Alternative
29425,Hip-Hop
32691,Hip-Hop
58804,Blues
68885,Blues
36173,Hip-Hop
34995,Anime
55179,Country
22818,Rock
40554,Rap
79281,Electronic
58255,Hip-Hop
75178,Alternative
70626,Rap
22408,Jazz
73849,Jazz
40768,Country
38122,Country
52829,Alternative
53234,Electronic
24685,Country
32082,Rock
44313,Anime
73314,Blues
51280,Electronic
80357,Anime
58645,Hip-Hop
80522,Blues
84573,Hip-Hop
58853,Rock
56049,Jazz
34458,Blues
28618,Country
34633,Electronic
37348,Country
83489,Classical
86886,Alternative
25557,Country
31045,Classical
63983,Country
76288,Hip-Hop
62531,Classical
49461,Hip-Hop
39890,Rap
68960,Rap
75277,Jazz
89518,Rock
60733,Electronic
50910,Rock
49831,Alternative
70909,Alternative
56485,Jazz
78985,Hip-Hop
52442,Alternative
27760,Classical
74318,Anime
49962,Jazz
51226,Alternative
65290,Classical
77437,Country
61240,Country
55194,Electronic
33890,Rap
42581,Anime
74264,Country
72032,Blues
59407,Anime
67658,Rock
33446,Rock
45225,Hip-Hop
89135,Jazz
42364,Country
81128,Rap
30120,Rap
21045,Classical
31284,Blues
84446,Rock
56921,Rock
91621,Hip-Hop
49328,Anime
36706,Alternative
53581,Alternative
80310,Electronic
89906,Anime
29103,Rap
28949,Rock
67714,Classical
42644,Country
63433,Electronic
29922,Rap
39228,Rap
71972,Electronic
32972,Rock
23022,Alternative
55576,Country
85423,Blues
32013,Classical
35045,Anime
78620,Jazz
60033,Anime
75144,Anime
27688,Classical
42540,Blues
21297,Rap
79951,Jazz
68050,Blues
76572,Jazz
27090,Rock
89688,Rap
27128,Country
72202,Hip-Hop
40806,Blues
49697,Hip-Hop
70344,Classical
60864,Rock
51768,Anime
45003,Alternative
71778,Anime
76817,Country
40828,Rock
44993,Rock
44122,Electronic
74612,Electronic
41430,Rock
62162,Country
45578,Alternative
57259,Classical
71987,Anime
25035,Country
63280,Alternative
53988,Electronic
58493,Country
41325,Hip-Hop
39872,Alternative
51150,Jazz
41960,Alternative
37572,Classical
59880,Jazz
42955,Anime
63226,Classical
43752,Blues
84912,Alternative
34584,Rock
34280,Hip-Hop
20650,Rap
41476,Hip-Hop
67393,Classical
35415,Alternative
51305,Country
82306,Hip-Hop
26513,Blues
58716,Country
66276,Hip-Hop
60245,Electronic
59328,Electronic
22863,Blues
57943,Alternative
29311,Classical
59043,Rap
61733,Electronic
78165,Alternative
88027,Rock
40034,Rock
83158,Rock
45652,Blues
69537,Classical
21524,Country
43765,Classical
74041,Hip-Hop
31514,Rap
88188,Blues
75416,Rap
62003,Blues
62409,Rap
20730,Hip-Hop
63126,Rap
24266,Alternative
80172,Rap
32548,Classical
35785,Hip-Hop
56518,Alternative
61035,Blues
25859,Blues
75624,Alternative
37188,Alternative
22453,Country
49074,Electronic
67113,Blues
40330,Rap
41839,Electronic
27832,Rock
25689,Rap
60400,Blues
28902,Rap
74814,Alternative
49120,Jazz
90502,Electronic
67997,Country
81866,Country
81427,Alternative
78819,Blues
20477,Country
81447,Electronic
68166,Hip-Hop
42270,Hip-Hop
90570,Jazz
90542,Classical
59764,Rap
63416,Jazz
32844,Rap
66410,Rap
38754,Rap
57397,Rock
24895,Jazz
85111,Electronic
76544,Rap
59796,Rock
57906,Hip-Hop
52234,Anime
41978,Jazz
33984,Alternative
35863,Rock
49940,Country
58146,Rap
86592,Rock
87010,Rock
50082,Jazz
31016,Electronic
51211,Rock
43404,Hip-Hop
53777,Rap
27075,Jazz
36087,Rock
46731,Country
80170,Alternative
34274,Hip-Hop
21972,Anime
34193,Alternative
89697,Blues
33516,Blues
71984,Electronic
31581,Alternative
86868,Blues
78440,Blues
72967,Country
45706,Rock
25867,Classical
57329,Jazz
61077,Electronic
68687,Jazz
48012,Alternative
78268,Classical
32325,Alternative
66649,Hip-Hop
36580,Rock
33094,Jazz
42759,Hip-Hop
56920,Classical
24377,Rock
54721,Electronic
32932,Jazz
33976,Anime
67296,Electronic
48292,Rap
65194,Alternative
43685,Blues
71453,Blues
24357,Alternative
76509,Blues
73146,Rock
34654,Hip-Hop
88756,Alternative
55131,Hip-Hop
22331,Country
55189,Hip-Hop
41996,Jazz
56430,Country
26294,Rap
52392,Country
59456,Anime
38680,Electronic
63857,Alternative
40004,Electronic
29852,Rock
31781,Rock
47716,Hip-Hop
74334,Rap
57109,Alternative
21404,Country
80346,Hip-Hop
48346,Jazz
81597,Rock
23446,Electronic
53351,Blues
63730,Hip-Hop
68865,Anime
86740,Blues
86360,Jazz
44153,Blues
28967,Rock
67912,Anime
65044,Classical
39209,Rock
27150,Anime
68180,Rap
84741,Blues
36164,Classical
30710,Electronic
50010,Rock
90435,Country
62928,Classical
89102,Blues
51335,Anime
22396,Hip-Hop
89024,Electronic
51516,Jazz
60897,Blues
56407,Blues
65190,Anime
53706,Alternative
63938,Anime
58256,Rap
22997,Country
86901,Anime
43823,Rap
32832,Electronic
91240,Electronic
77543,Anime
79967,Blues
66664,Anime
76001,Rock
48363,Electronic
68234,Anime
50219,Hip-Hop
27335,Electronic
79807,Rap
65214,Alternative
90138,Electronic
35523,Hip-Hop
53878,Alternative
85386,Blues
69341,Country
47052,Alternative
41980,Classical
86530,Country
48403,Anime
86158,Anime
32292,Hip-Hop
20251,Hip-Hop
82888,Classical
73344,Classical
34938,Hip-Hop
90679,Rock
84167,Country
33482,Electronic
47724,Anime
41760,Country
91293,Country
87280,Alternative
27568,Anime
66322,Country
29710,Alternative
76210,Country
83465,Classical
70969,Rock
23052,Electronic
83542,Jazz
54250,Electronic
65362,Jazz
68230,Classical
65571,Blues
57178,Country
65921,Anime
72369,Electronic
66530,Classical
42735,Alternative
52922,Country
84756,Country
55667,Alternative
54671,Classical
23163,Jazz
89116,Hip-Hop
25226,Electronic
25514,Electronic
39816,Rock
79494,Alternative
88157,Alternative
27590,Blues
39769,Anime
76919,Electronic
80223,Hip-Hop
83986,Jazz
20077,Hip-Hop
36656,Country
66168,Blues
43300,Country
82211,Alternative
75999,Country
78508,Alternative
71489,Hip-Hop
71218,Rock
28212,Rap
48445,Rap
83983,Country
29630,Rap
72235,Blues
77711,Classical
40137,Rock
53588,Electronic
80486,Anime
89512,Electronic
32014,Alternative
49756,Rock
82181,Electronic
51508,Alternative
44925,Jazz
55248,Alternative
52077,Country
67270,Electronic
20211,Blues
42280,Electronic
91078,Anime
68915,Rap
91576,Blues
79384,Electronic
59394,Rock
32652,Alternative
66332,Blues
28738,Rap
46811,Alternative
81918,Anime
39728,Blues
53188,Country
45647,Classical
77005,Rap
50235,Blues
84467,Rock
34689,Rock
33413,Blues
37777,Blues
38112,Rock
39971,Country
44529,Anime
90067,Alternative
22701,Jazz
64071,Electronic
52358,Blues
22444,Classical
78680,Hip-Hop
21658,Rock
31806,Jazz
80517,Classical
89428,Rock
46423,Rap
74810,Electronic
57380,Hip-Hop
44988,Blues
72132,Rock
73412,Electronic
23543,Country
83926,Rap
50443,Classical
63618,Classical
29575,Alternative
35290,Jazz
81244,Classical
66996,Anime
66164,Alternative
43048,Alternative
37723,Alternative
34795,Hip-Hop
66836,Electronic
45997,Alternative
62738,Jazz
85064,Rock
88628,Alternative
67563,Country
80617,Country
22112,Hip-Hop
40531,Country
29523,Country
39339,Hip-Hop
28721,Hip-Hop
27856,Rap
87132,Classical
68671,Country
34218,Rock
25570,Country
91208,Country
91273,Jazz
37172,Jazz
51917,Alternative
52930,Rap
40928,Hip-Hop
24622,Hip-Hop
40701,Country
36222,Jazz
40045,Jazz
78140,Rock
72446,Anime
28636,Rap
37015,Alternative
36651,Anime
63124,Rap
48152,Electronic
34429,Jazz
28681,Alternative
29474,Country
89944,Electronic
86129,Rap
46599,Rap
62155,Country
87335,Jazz
61171,Blues
32943,Jazz
38757,Alternative
44364,Blues
27855,Country
60574,Hip-Hop
38936,Blues
68763,Rap
45378,Rock
81188,Anime
89054,Rap
53559,Hip-Hop
73731,Classical
89558,Blues
48274,Jazz
25225,Hip-Hop
22518,Jazz
84916,Classical
29594,Rap
23239,Electronic
53554,Rap
66534,Rock
37969,Electronic
73774,Hip-Hop
22220,Rap
40142,Rap
56683,Electronic
48348,Country
63768,Country
47008,Alternative
34512,Country
64560,Anime
67250,Alternative
74484,Electronic
32238,Blues
50549,Country
56824,Country
25193,Hip-Hop
71447,Hip-Hop
23513,Blues
61791,Alternative
90318,Country
33750,Rock
33576,Hip-Hop
83822,Alternative
67059,Blues
54637,Blues
76587,Rap
43742,Anime
81161,Anime
62118,Rap
47039,Electronic
36556,Country
66661,Blues
51908,Country
39416,Hip-Hop
35834,Rock
37904,Rock
68547,Country
34706,Classical
69564,Anime
86895,Electronic
22541,Hip-Hop
48432,Country
33590,Alternative
74609,Electronic
45206,Alternative
39398,Country
35441,Alternative
42883,Anime
56521,Rock
20031,Hip-Hop
27922,Blues
31429,Country
67675,Jazz
34225,Alternative
22397,Rap
48271,Electronic
63410,Blues
89985,Alternative
81154,Blues
25091,Blues
62897,Country
74112,Rap
45179,Rap
62591,Electronic
48609,Jazz
26210,Jazz
86058,Blues
80191,Electronic
71912,Rap
24051,Anime
54012,Rap
79149,Alternative
40793,Country
36791,Rap
55200,Classical
86061,Rock
27947,Country
53861,Alternative
21601,Blues
41414,Electronic
30335,Electronic
27790,Blues
90932,Alternative
30792,Electronic
86292,Blues
43883,Blues
89133,Classical
70274,Blues
82154,Rap
46577,Rap
49834,Rap
72241,Electronic
81227,Alternative
28530,Alternative
44561,Anime
51941,Blues
59445,Rock
31828,Anime
42703,Country
63039,Blues
74872,Rock
41405,Rap
72432,Blues
61270,Rock
64056,Classical
64788,Alternative
82668,Alternative
46958,Rap
83646,Country
68911,Country
21084,Electronic
70327,Country
30022,Classical
54442,Rap
31599,Blues
61315,Jazz
45069,Electronic
56172,Country
35676,Rap
32138,Blues
70269,Anime
66648,Rock
45268,Rock
28057,Classical
38688,Country
20690,Electronic
58196,Blues
60862,Anime
25864,Classical
54680,Rock
78483,Rap
84319,Country
34344,Blues
77857,Anime
43662,Alternative
38487,Alternative
54861,Country
79123,Classical
54891,Alternative
74001,Electronic
52987,Rock
74435,Country
64730,Rap
23793,Jazz
77927,Rap
65704,Hip-Hop
51038,Country
34414,Jazz
84149,Electronic
67845,Electronic
39820,Alternative
59343,Rock
30163,Rap
43191,Classical
74930,Alternative
21591,Blues
79559,Electronic
73392,Anime
20611,Anime
63898,Blues
67194,Classical
23828,Country
55875,Rap
58354,Rock
32585,Alternative
87781,Blues
24531,Rap
61337,Jazz
62039,Electronic
85785,Anime
28896,Anime
32301,Hip-Hop
21744,Alternative
64431,Electronic
63290,Rock
62761,Alternative
21236,Electronic
80601,Country
48059,Rock
68651,Hip-Hop
52893,Classical
63344,Rap
88348,Rap
50494,Hip-Hop
63175,Rap
83342,Jazz
65647,Electronic
62977,Country
35008,Anime
88470,Anime
86877,Jazz
43117,Country
62569,Country
88429,Hip-Hop
37958,Hip-Hop
63799,Anime
50420,Alternative
33097,Anime
20739,Alternative
28900,Jazz
81423,Country
89331,Blues
63590,Alternative
42101,Anime
90798,Jazz
58739,Rock
77699,Electronic
60608,Jazz
46009,Electronic
54988,Electronic
55499,Rap
42911,Electronic
80398,Jazz
77068,Rock
62645,Jazz
59983,Rap
74349,Rock
80323,Anime
82970,Alternative
20926,Electronic
62437,Rock
79764,Hip-Hop
38308,Country
53963,Classical
50592,Jazz
85311,Country
41969,Rap
59087,Jazz
44036,Country
54103,Country
39794,Rap
53006,Jazz
65399,Rock
84837,Anime
46137,Jazz
64516,Jazz
87015,Electronic
41840,Hip-Hop
38276,Classical
73210,Classical
83610,Classical
33568,Country
25865,Classical
77804,Anime
58644,Blues
47760,Rock
76515,Electronic
20598,Anime
67080,Country
21044,Blues
41878,Anime
70339,Anime
81317,Country
40320,Anime
28372,Classical
37076,Anime
79513,Rock
25929,Alternative
83183,Alternative
25072,Rap
51366,Electronic
48004,Rap
50733,Alternative
74818,Rap
23036,Anime
77046,Country
67631,Jazz
69578,Anime
82260,Country
54231,Classical
37268,Blues
37748,Rap
40863,Country
80830,Rock
22789,Electronic
71769,Classical
22402,Rock
67516,Jazz
68538,Classical
71181,Blues
55865,Hip-Hop
88546,Alternative
51583,Country
55071,Anime
86643,Blues
68228,Rap
46539,Classical
51082,Rock
50715,Classical
33062,Hip-Hop
83674,Blues
32069,Country
53516,Electronic
20808,Rock
57473,Anime
37012,Rap
33598,Rock
46290,Blues
55462,Hip-Hop
53692,Country
54765,Country
55671,Alternative
70542,Hip-Hop
50500,Country
70957,Electronic
78301,Electronic
36970,Anime
54675,Country
78460,Rock
50673,Rock
20515,Country
32880,Rock
37120,Country
55315,Rock
51810,Electronic
25543,Electronic
70256,Rock
90091,Rap
90553,Blues
62664,Rap
74616,Rap
65000,Blues
45710,Rap
31774,Electronic
36172,Country
40134,Blues
69469,Electronic
43542,Alternative
54455,Anime
50085,Anime
85837,Rock
91213,Blues
41557,Alternative
30880,Hip-Hop
22850,Hip-Hop
85833,Jazz
68489,Electronic
49497,Rock
49272,Classical
73878,Electronic
64304,Electronic
79435,Anime
64740,Rock
22224,Blues
85341,Rap
50156,Rock
35411,Electronic
88433,Alternative
76598,Anime
84534,Alternative
84433,Country
32719,Rap
28963,Hip-Hop
25571,Blues
40547,Anime
71584,Rap
71867,Electronic
61358,Country
73165,Rap
31652,Electronic
66206,Rock
41496,Rock
47280,Country
51806,Country
56318,Electronic
33537,Alternative
74123,Country
69136,Jazz
75526,Alternative
44972,Blues
64735,Classical
66355,Alternative
32862,Hip-Hop
49171,Classical
85903,Hip-Hop
45016,Anime
25344,Alternative
66840,Rap
88988,Electronic
51531,Alternative
41685,Blues
74377,Jazz
71074,Hip-Hop
46651,Classical
65111,Alternative
53347,Rock
55695,Rap
56393,Hip-Hop
84644,Rap
60081,Blues
58080,Hip-Hop
28002,Hip-Hop
54665,Blues
76820,Anime
78963,Country
32479,Rock
76223,Jazz
76818,Electronic
72203,Alternative
88737,Alternative
47513,Alternative
66907,Rock
54000,Rock
46311,Hip-Hop
39730,Rap
66981,Country
25531,Electronic
89181,Electronic
59205,Jazz
88477,Anime
86758,Alternative
72690,Jazz
46163,Anime
27047,Anime
88103,Jazz
69372,Blues
46593,Country
80036,Rap
81542,Blues
76305,Electronic
42552,Country
74213,Hip-Hop
64197,Jazz
55235,Hip-Hop
63198,Jazz
45971,Alternative
24519,Electronic
32045,Blues
46841,Country
87406,Jazz
20938,Rock
77493,Country
34505,Alternative
50255,Rock
68535,Blues
20931,Electronic
20587,Rock
45843,Country
37484,Country
63707,Blues
79284,Country
75893,Country
36723,Country
84934,Country
89370,Rap
26734,Classical
60803,Rock
83778,Jazz
60936,Country
81234,Jazz
74647,Rock
87416,Electronic
89277,Country
81045,Rap
59083,Alternative
50977,Classical
65227,Rock
37274,Electronic
29942,Electronic
28616,Anime
75097,Jazz
46138,Classical
87716,Blues
63886,Alternative
75769,Classical
51747,Hip-Hop
75445,Rock
86036,Jazz
50661,Rock
23504,Electronic
70673,Anime
88261,Blues
30080,Jazz
39922,Hip-Hop
86246,Blues
33481,Alternative
20619,Electronic
56867,Blues
81167,Electronic
81583,Classical
48197,Alternative
51020,Hip-Hop
80697,Blues
39187,Blues
85917,Anime
64378,Country
71151,Blues
51706,Hip-Hop
63264,Country
38148,Country
37067,Country
87309,Electronic
39925,Anime
49476,Jazz
90918,Country
69478,Alternative
77715,Blues
76516,Rock
32208,Rap
77582,Country
62375,Electronic
91527,Blues
21609,Country
48099,Hip-Hop
65251,Hip-Hop
27999,Classical
38394,Country
48916,Country
34450,Hip-Hop
61107,Alternative
20784,Rock
34732,Blues
70106,Blues
64279,Alternative
36621,Rap
82985,Country
60526,Rock
90706,Jazz
86153,Classical
72869,Blues
54090,Hip-Hop
75324,Country
25574,Blues
36304,Electronic
31673,Alternative
46208,Anime
91104,Electronic
36130,Blues
41959,Country
39773,Alternative
38981,Electronic
88463,Alternative
85431,Jazz
49452,Electronic
82538,Classical
81449,Alternative
82270,Alternative
35273,Rock
20063,Rock
45162,Hip-Hop
75355,Blues
54077,Alternative
44202,Rock
83093,Country
60288,Classical
76033,Electronic
30136,Alternative
58732,Alternative
60742,Electronic
77212,Anime
50677,Hip-Hop
24565,Jazz
88255,Rock
21425,Country
76064,Hip-Hop
53539,Classical
54382,Rock
78603,Rock
69240,Country
64236,Rock
23998,Classical
34980,Blues
49288,Classical
74433,Blues
42189,Alternative
84897,Blues
86738,Jazz
27641,Blues
41635,Electronic
84233,Classical
84169,Country
80592,Anime
71577,Rock
37669,Hip-Hop
51597,Rap
32985,Hip-Hop
34547,Electronic
81756,Electronic
61688,Hip-Hop
43619,Hip-Hop
87511,Classical
48774,Hip-Hop
60910,Country
26243,Electronic
56892,Rap
75498,Hip-Hop
32774,Country
48988,Rap
44196,Country
74963,Country
68646,Jazz
57522,Rock
88711,Country
59937,Classical
57202,Alternative
90937,Anime
91193,Classical
71922,Alternative
55650,Blues
70516,Jazz
22765,Rock
49054,Jazz
31985,Anime
60466,Country
42813,Anime
30417,Alternative
45469,Alternative
41765,Alternative
33504,Rap
88285,Rock
39603,Hip-Hop
70056,Country
39388,Alternative
26176,Classical
32389,Jazz
31980,Anime
72832,Blues
76955,Alternative
62072,Alternative
32316,Electronic
86921,Hip-Hop
59255,Electronic
57649,Jazz
67238,Blues
29119,Country
53816,Country
80019,Classical
36785,Blues
78259,Blues
89764,Blues
48039,Rap
31446,Electronic
88175,Electronic
55246,Electronic
52157,Rock
57464,Classical
30733,Classical
59748,Rap
27309,Blues
52251,Jazz
51734,Rap
90172,Country
33315,Country
62799,Classical
73737,Jazz
54772,Rock
40686,Rock
65422,Electronic
60673,Electronic
40477,Electronic
79377,Alternative
26102,Rock
48428,Anime
83858,Rap
20046,Jazz
49376,Alternative
55039,Jazz
90687,Blues
34408,Classical
63800,Country
57682,Country
51949,Country
62080,Jazz
53983,Rap
74652,Hip-Hop
31433,Jazz
42419,Anime
72895,Hip-Hop
53758,Blues
36117,Blues
66746,Electronic
68635,Rap
70758,Blues
22736,Blues
60930,Country
73517,Electronic
31782,Rap
55312,Classical
39170,Rock
74695,Jazz
36777,Rap
43780,Country
75944,Electronic
67459,Rap
73801,Anime
33538,Jazz
66232,Hip-Hop
45851,Electronic
32236,Rock
78371,Country
51069,Jazz
32431,Jazz
48550,Electronic
79484,Anime
66846,Country
34590,Rock
63427,Classical
33301,Electronic
70849,Alternative
40284,Rock
76200,Rap
26230,Rock
21545,Rap
86632,Hip-Hop
60089,Anime
20174,Rock
43442,Rap
65359,Alternative
58376,Rock
32960,Jazz
83552,Rap
68774,Rap
31926,Hip-Hop
85850,Electronic
32242,Electronic
74523,Alternative
50188,Alternative
52709,Rock
70325,Rap
75031,Rock
76137,Jazz
58522,Country
82027,Rap
83903,Rock
62271,Blues
57450,Country
78994,Classical
43909,Blues
30097,Electronic
55686,Blues
23831,Anime
65220,Hip-Hop
85918,Blues
57303,Electronic
71360,Country
24844,Blues
91345,Electronic
76160,Alternative
43584,Alternative
54059,Jazz
78523,Alternative
39712,Country
23173,Classical
34240,Classical
22291,Country
86869,Alternative
75641,Country
23346,Blues
77047,Country
57616,Country
74993,Country
41587,Electronic
21008,Rock
48453,Hip-Hop
22358,Rock
83666,Electronic
23101,Classical
88750,Rap
55614,Anime
45080,Blues
43768,Rap
50581,Rock
45356,Blues
35917,Hip-Hop
59672,Classical
20418,Anime
38661,Country
62100,Rap
62802,Country
20320,Rock
25220,Anime
49250,Hip-Hop
87448,Rock
27349,Blues
48259,Hip-Hop
44321,Electronic
37518,Jazz
45982,Hip-Hop
40393,Jazz
83287,Blues
91677,Anime
35635,Rap
38614,Alternative
64397,Classical
46126,Rock
60059,Country
84023,Rap
27840,Jazz
52114,Rap
58718,Rock
88037,Rock
71768,Anime
33135,Country
24939,Rap
87662,Rap
24842,Country
32902,Rap
84225,Jazz
27723,Anime
51252,Rap
49854,Rap
51528,Country
23156,Jazz
31779,Country
66429,Classical
67890,Country
63632,Jazz
23518,Alternative
71748,Rock
81954,Electronic
57761,Classical
60403,Blues
49932,Jazz
34976,Jazz
41383,Blues
72167,Blues
29473,Jazz
30694,Hip-Hop
65999,Electronic
22872,Hip-Hop
49961,Rap
72610,Country
81239,Alternative
47490,Classical
37139,Anime
52579,Country
26965,Rock
65337,Blues
37847,Electronic
67593,Electronic
76528,Rock
88166,Rap
23651,Electronic
49245,Classical
67252,Blues
61669,Blues
77976,Electronic
23255,Classical
49922,Country
53534,Blues
64527,Jazz
53960,Country
30658,Alternative
57302,Rock
25661,Alternative
89976,Rock
51240,Electronic
81310,Rap
29943,Electronic
73657,Rock
31544,Anime
84972,Blues
53461,Electronic
64767,Classical
46904,Anime
52280,Jazz
68240,Alternative
22266,Electronic
25765,Blues
77686,Classical
91569,Hip-Hop
66704,Classical
65270,Anime
76604,Jazz
47577,Alternative
87311,Country
27070,Blues
48793,Blues
87853,Alternative
58324,Classical
85010,Electronic
38771,Rap
23706,Alternative
69287,Classical
79139,Rock
81566,Hip-Hop
84744,Rap
84870,Alternative
56903,Hip-Hop
31722,Classical
45600,Alternative
54606,Electronic
40209,Jazz
73823,Country
74571,Classical
33019,Country
29348,Rap
35043,Rock
30086,Classical
73229,Anime
49559,Country
81469,Rap
26435,Electronic
74150,Alternative
47076,Anime
59955,Hip-Hop
53156,Rap
88313,Alternative
58814,Classical
52731,Country
41863,Electronic
73776,Blues
56583,Rap
29653,Blues
27580,Hip-Hop
51010,Country
72491,Rap
87495,Country
44304,Electronic
67276,Alternative
46781,Anime
64054,Classical
84459,Hip-Hop
53061,Blues
23484,Rap
36122,Rap
46287,Jazz
33247,Electronic
90592,Classical
67542,Country
24432,Blues
73104,Classical
56045,Jazz
57420,Jazz
80926,Electronic
82554,Electronic
79028,Classical
84840,Rap
51323,Alternative
49998,Country
78118,Country
69848,Rap
88690,Country
32843,Rock
74018,Jazz
57555,Alternative
23673,Hip-Hop
37520,Country
22236,Blues
63217,Alternative
30664,Rap
87108,Electronic
79353,Hip-Hop
42888,Classical
45192,Hip-Hop
25754,Country
87241,Classical
29524,Country
82547,Electronic
90315,Rap
67111,Hip-Hop
74792,Electronic
44433,Country
39312,Electronic
86752,Anime
23485,Electronic
69502,Classical
28761,Anime
58163,Country
32043,Blues
33721,Hip-Hop
31770,Rap
29685,Alternative
90247,Anime
40372,Electronic
53275,Electronic
85078,Classical
37269,Anime
74532,Rock
26366,Electronic
22158,Anime
21794,Rock
55632,Blues
60659,Blues
76749,Anime
34370,Electronic
65429,Hip-Hop
49098,Classical
81155,Hip-Hop
50933,Rock
70700,Jazz
55113,Jazz
43635,Blues
68322,Electronic
24234,Classical
37507,Hip-Hop
27547,Hip-Hop
48217,Hip-Hop
54252,Blues
56408,Rock
35782,Rock
88239,Electronic
83304,Classical
46394,Alternative
54454,Country
20676,Blues
37089,Hip-Hop
89219,Country
57933,Jazz
22135,Anime
34902,Country
60016,Blues
74766,Blues
47348,Rap
56803,Rock
61738,Hip-Hop
21003,Classical
41180,Country
90984,Rap
27170,Country
43374,Rap
62777,Anime
64216,Country
24114,Anime
34156,Rap
40347,Country
49913,Country
46434,Anime
53066,Country
56423,Hip-Hop
53653,Rap
24883,Country
89554,Blues
65967,Country
66614,Classical
78132,Blues
46437,Electronic
61482,Classical
53142,Anime
82463,Anime
39386,Blues
40169,Electronic
38074,Rock
45281,Electronic
54873,Rock
53531,Rock
40110,Anime
40174,Blues
38116,Country
23972,Blues
67050,Blues
73544,Blues
71460,Rock
58035,Classical
53568,Hip-Hop
27319,Classical
41508,Electronic
42934,Jazz
35487,Alternative
48977,Blues
73300,Country
66060,Blues
64628,Rock
78613,Rap
58843,Anime
71611,Country
24597,Jazz
59776,Rock
71780,Rock
70031,Rap
61892,Hip-Hop
59982,Rap
20265,Classical
48006,Anime
41194,Alternative
60640,Anime
88272,Country
37217,Jazz
49694,Alternative
28822,Classical
91064,Blues
25911,Blues
21924,Country
29296,Blues
40395,Hip-Hop
43197,Rap
67195,Blues
53104,Electronic
49862,Anime
22069,Country
65076,Rock
38955,Rap
68338,Rock
49396,Electronic
51469,Jazz
52716,Classical
56268,Alternative
24143,Hip-Hop
37807,Jazz
84442,Electronic
28695,Country
58786,Country
71068,Rap
20528,Hip-Hop
29157,Classical
65962,Classical
39107,Electronic
39649,Electronic
87913,Hip-Hop
83131,Rap
77824,Blues
74708,Alternative
21238,Country
60166,Country
27773,Classical
88047,Anime
77238,Classical
69097,Jazz
88817,Alternative
44965,Blues
85310,Country
41905,Blues
68709,Hip-Hop
56695,Electronic
76391,Electronic
86076,Hip-Hop
23283,Hip-Hop
86649,Alternative
67707,Hip-Hop
83902,Classical
29535,Electronic
59238,Blues
36277,Hip-Hop
81219,Alternative
53408,Country
42487,Jazz
27762,Classical
55470,Hip-Hop
38695,Alternative
86422,Alternative
86520,Blues
82696,Rock
42947,Alternative
72726,Rock
58734,Classical
24001,Electronic
76819,Hip-Hop
67349,Electronic
84139,Country
22499,Anime
39965,Blues
26177,Electronic
78715,Classical
73135,Classical
29573,Blues
82048,Hip-Hop
77511,Electronic
42421,Electronic
30592,Electronic
60193,Country
48554,Country
36913,Electronic
27637,Jazz
91632,Alternative
88879,Blues
31538,Hip-Hop
74021,Hip-Hop
24142,Rock
40907,Blues
25333,Hip-Hop
26021,Alternative
48815,Hip-Hop
24366,Jazz
80764,Anime
37492,Rock
63000,Classical
89716,Alternative
23175,Country
20275,Electronic
51253,Alternative
43052,Anime
50395,Electronic
66235,Country
81684,Country
89652,Country
25521,Anime
75775,Electronic
56587,Hip-Hop
86281,Electronic
55996,Alternative
87110,Anime
65893,Blues
56886,Alternative
45556,Blues
34141,Rap
31963,Alternative
68212,Rock
20624,Blues
82456,Country
82891,Electronic
50086,Electronic
88093,Anime
33896,Blues
46256,Classical
67093,Anime
59347,Rock
52840,Hip-Hop
76025,Blues
76499,Alternative
66894,Alternative
40794,Electronic
53098,Country
51897,Electronic
34917,Rock
68600,Alternative
73783,Rock
68758,Classical
50725,Country
23584,Classical
28533,Classical
89916,Hip-Hop
83816,Classical
73939,Hip-Hop
86954,Alternative
33098,Electronic
36957,Electronic
59203,Blues
55119,Rock
38233,Hip-Hop
31303,Blues
70354,Jazz
85042,Hip-Hop
31242,Hip-Hop
82718,Electronic
50598,Rap
42870,Rock
38078,Blues
48881,Blues
32024,Alternative
47415,Country
37730,Anime
36921,Electronic
76915,Blues
57139,Country
21974,Anime
61602,Hip-Hop
87266,Rap
91578,Alternative
70967,Hip-Hop
71812,Country
56132,Electronic
44781,Country
81985,Country
49506,Rock
81606,Rap
51096,Jazz
89253,Country
57088,Anime
74511,Blues
23198,Anime
64506,Anime
58722,Rap
44106,Alternative
83035,Classical
68494,Alternative
22431,Jazz
69369,Rock
36680,Hip-Hop
37517,Hip-Hop
32244,Anime
70514,Classical
78324,Anime
47521,Blues
28273,Country
83948,Rock
68100,Country
50484,Blues
77619,Blues
40511,Rock
68921,Rap
41945,Blues
55244,Hip-Hop
44111,Anime
22994,Rap
53711,Rock
20473,Classical
71419,Electronic
30352,Rock
42803,Alternative
24072,Blues
42329,Blues
34582,Hip-Hop
58965,Rap
75206,Jazz
46946,Alternative
25919,Rap
88421,Blues
57431,Country
27720,Electronic
80647,Anime
89681,Electronic
51916,Rap
87908,Jazz
30859,Electronic
87573,Country
72969,Electronic
24194,Hip-Hop
68428,Rap
36501,Rap
63037,Blues
34922,Country
54586,Rock
30449,Alternative
29544,Hip-Hop
75887,Electronic
56002,Alternative
48904,Alternative
83066,Rap
23612,Rock
62015,Alternative
80705,Blues
81052,Rap
39477,Electronic
74029,Alternative
56978,Anime
71954,Anime
69971,Country
65581,Electronic
44653,Blues
64846,Anime
44933,Anime
33769,Rock
26726,Anime
81633,Jazz
69689,Jazz
60663,Anime
64109,Country
85721,Rock
65187,Rap
84436,Anime
69959,Blues
40740,Classical
65959,Electronic
77108,Classical
79394,Electronic
35141,Jazz
29835,Blues
44010,Classical
56635,Classical
90145,Rock
70227,Blues
71232,Anime
58021,Blues
58913,Electronic
64890,Hip-Hop
36541,Country
69839,Electronic
36933,Rap
60324,Alternative
29320,Country
40332,Alternative
88355,Jazz
83085,Country
56076,Hip-Hop
40595,Blues
86139,Electronic
26438,Rock
34852,Rap
80841,Hip-Hop
90683,Jazz
60390,Blues
80464,Classical
54325,Classical
22936,Rap
80767,Rap
84186,Rock
32077,Classical
48949,Electronic
80580,Blues
56550,Blues
78512,Country
55937,Jazz
23327,Hip-Hop
78356,Country
90942,Anime
81342,Blues
62745,Classical
85455,Anime
72602,Electronic
53100,Anime
64711,Blues
56419,Electronic
84049,Country
52632,Rap
33415,Classical
35376,Electronic
75722,Rap
55642,Rap
22262,Alternative
30848,Alternative
58098,Country
67153,Hip-Hop
47033,Alternative
42034,Rap
63179,Jazz
52343,Country
46118,Blues
73395,Rock
56125,Rock
50015,Electronic
55704,Rock
20241,Blues
25098,Country
91676,Electronic
49556,Classical
54874,Electronic
42665,Electronic
59925,Classical
73734,Country
66346,Electronic
31075,Blues
61771,Rock
85763,Country
47109,Rock
61495,Rap
33293,Hip-Hop
31801,Electronic
78423,Rap
64427,Electronic
46851,Country
23233,Blues
24466,Alternative
69195,Electronic
66588,Electronic
43488,Jazz
50651,Classical
71893,Rap
42846,Anime
86287,Hip-Hop
73683,Rap
89536,Rap
36855,Hip-Hop
33240,Rap
68314,Electronic
35705,Classical
91672,Jazz
75902,Rock
63924,Alternative
91136,Electronic
51578,Country
31804,Classical
52573,Rap
75864,Jazz
22034,Hip-Hop
42639,Blues
48583,Hip-Hop
35483,Country
35632,Classical
52031,Classical
87952,Rap
82808,Rock
69390,Country
78999,Electronic
83389,Anime
74104,Blues
41249,Jazz
89922,Alternative
74596,Jazz
35909,Alternative
23853,Hip-Hop
69032,Hip-Hop
41817,Rock
48778,Blues
68422,Jazz
50565,Rap
55605,Hip-Hop
29469,Hip-Hop
48125,Electronic
63223,Electronic
81700,Alternative
35612,Jazz
48312,Electronic
20416,Classical
37533,Classical
25117,Country
27234,Country
24391,Anime
72707,Alternative
22697,Alternative
56983,Anime
24799,Rap
60582,Jazz
74776,Country
61061,Electronic
52478,Blues
27545,Blues
57525,Anime
90910,Rap
21486,Classical
79507,Rock
90593,Blues
49682,Electronic
78202,Jazz
83279,Alternative
25721,Country
40700,Rock
58603,Rock
33961,Country
38346,Hip-Hop
85589,Blues
50792,Rock
29803,Country
91412,Classical
68103,Classical
33530,Alternative
25469,Blues
62616,Classical
53290,Country
76727,Blues
76881,Jazz
91049,Jazz
50428,Classical
80099,Rap
29115,Jazz
55743,Blues
44045,Country
49698,Rap
66318,Alternative
83270,Hip-Hop
34088,Country
39222,Blues
53412,Anime
60512,Blues
42399,Blues
32616,Electronic
91488,Electronic
50449,Hip-Hop
77966,Electronic
88695,Anime
26355,Rock
78599,Jazz
62316,Jazz
28843,Hip-Hop
71375,Jazz
46867,Country
79622,Electronic
84681,Rap
22731,Rock
26289,Rock
52642,Alternative
73313,Electronic
72417,Rap
75671,Classical
89501,Rock
40058,Jazz
87535,Country
48166,Blues
32018,Hip-Hop
77798,Anime
28691,Jazz
47114,Alternative
83637,Alternative
35692,Jazz
38993,Rap
39197,Alternative
68879,Alternative
34180,Hip-Hop
83437,Country
71410,Anime
32954,Blues
85906,Rap
47579,Classical
55291,Alternative
49779,Electronic
31395,Country
46894,Electronic
82268,Blues
66952,Hip-Hop
44443,Alternative
24037,Rock
77455,Rock
63170,Classical
58698,Hip-Hop
21834,Alternative
76191,Blues
50210,Rock
81941,Anime
67547,Blues
26757,Alternative
39514,Rap
83008,Anime
50613,Rap
34924,Hip-Hop
54490,Alternative
65388,Blues
66830,Rap
72593,Rap
35235,Classical
91279,Classical
69692,Alternative
76571,Rock
53822,Classical
82133,Rap
77350,Blues
22284,Alternative
87983,Electronic
75466,Hip-Hop
30767,Hip-Hop
51816,Anime
60344,Country
34697,Rock
50532,Country
26255,Rap
67924,Hip-Hop
79778,Electronic
47986,Jazz
